Observation,Year,President,Party,Approval_Rating,Upward,Seats,Vote_Share,consumer.sentiment.diff,consumer.sentiment,upward.cons,Incumbent,incumb_poll,DUE.weight,recency.weight,Rep_Vote_Share
1,1954,Eisenhower,R,61,0,203,47.46241,4.1,86,1,194,0.5543478,320.5,1,52.53759
2,1954,Eisenhower,R,61,0,203,47.46241,4.1,86,1,194,0.5106383,360,1,52.53759
3,1954,Eisenhower,R,61,0,203,47.46241,4.1,86,1,194,0.6373626,349.5,1,52.53759
4,1958,Eisenhower,R,57,1,153,46.04931,9.9,89,1,159,0.5777778,347.5,1,53.95069
5,1958,Eisenhower,R,57,1,153,46.04931,9.9,89,1,159,0.6111111,326.5,1,53.95069
6,1962,Kennedy,D,58,0,258,52.49164,3.4,94,1,193,0.5544554,359,2,47.50836
7,1962,Kennedy,D,58,0,258,52.49164,3.4,94,1,193,0.5978261,349.5,2,47.50836
8,1962,Kennedy,D,58,0,258,52.49164,3.4,94,1,193,0.56,332,2,47.50836
9,1962,Kennedy,D,58,0,258,52.49164,3.4,94,1,193,0.6263736,320.5,2,47.50836
10,1966,Johnson,D,44,0,248,51.25031,-2.9,88.5,0,205,0.54,341,3,48.74969
11,1966,Johnson,D,44,0,248,51.25031,-2.9,88.5,0,205,0.6179775,329.5,3,48.74969
12,1966,Johnson,D,44,0,248,51.25031,-2.9,88.5,0,205,0.5568182,349.5,3,48.74969
13,1966,Johnson,D,44,0,248,51.25031,-2.9,88.5,0,205,0.5714286,329.5,3,48.74969
14,1966,Johnson,D,44,0,248,51.25031,-2.9,88.5,0,205,0.5247525,359.5,3,48.74969
15,1970,Nixon,R,58,0,180,45.59657,-5.2,72.5,0,151,0.5319149,359.5,4,54.40343
16,1970,Nixon,R,58,0,180,45.59657,-5.2,72.5,0,151,0.5909091,313.5,4,54.40343
17,1970,Nixon,R,58,0,180,45.59657,-5.2,72.5,0,151,0.5806452,342.5,4,54.40343
18,1970,Nixon,R,58,0,180,45.59657,-5.2,72.5,0,151,0.5909091,354.5,4,54.40343
19,1970,Nixon,R,58,0,180,45.59657,-5.2,72.5,0,151,0.4,377,4,54.40343
20,1970,Nixon,R,58,0,180,45.59657,-5.2,72.5,0,151,0.5977011,327.5,4,54.40343
21,1970,Nixon,R,58,0,180,45.59657,-5.2,72.5,0,151,0.5909091,324.5,4,54.40343
22,1974,Ford,R,52,0,144,41.4699,-4.9,60,0,162,0.6395349,324,5,58.5301
23,1974,Ford,R,52,0,144,41.4699,-4.9,60,0,162,0.6666667,341.5,5,58.5301
24,1974,Ford,R,52,0,144,41.4699,-4.9,60,0,162,0.6865672,314,5,58.5301
25,1974,Ford,R,52,0,144,41.4699,-4.9,60,0,162,0.3882353,362.5,5,58.5301
26,1974,Ford,R,52,0,144,41.4699,-4.9,60,0,162,0.6823529,348.5,5,58.5301
27,1974,Ford,R,52,0,144,41.4699,-4.9,60,0,162,0.691358,327.5,5,58.5301
28,1978,Carter,D,49,1,277,54.4162,-1.1,79.3,0,244,0.6419753,320.5,6,45.5838
29,1978,Carter,D,49,1,277,54.4162,-1.1,79.3,0,244,0.6470588,324,6,45.5838
30,1978,Carter,D,49,1,277,54.4162,-1.1,79.3,0,244,0.6463415,313.5,6,45.5838
31,1978,Carter,D,49,1,277,54.4162,-1.1,79.3,0,244,0.5875,343.5,6,45.5838
32,1978,Carter,D,49,1,277,54.4162,-1.1,79.3,0,244,0.6161616,333.5,6,45.5838
33,1978,Carter,D,49,1,277,54.4162,-1.1,79.3,0,244,0.637931,333.5,6,45.5838
34,1978,Carter,D,49,1,277,54.4162,-1.1,79.3,0,244,0.55,342,6,45.5838
35,1978,Carter,D,49,1,277,54.4162,-1.1,79.3,0,244,0.6338028,346,6,45.5838
36,1978,Carter,D,49,1,277,54.4162,-1.1,79.3,0,244,0.627907,341.5,6,45.5838
37,1982,Reagan,R,42,0,166,44.00598,4.1,73.4,1,164,0.5652174,343,7,55.99402
38,1982,Reagan,R,42,0,166,44.00598,4.1,73.4,1,164,0.5714286,329,7,55.99402
39,1982,Reagan,R,42,0,166,44.00598,4.1,73.4,1,164,0.5483871,359.5,7,55.99402
40,1982,Reagan,R,42,0,166,44.00598,4.1,73.4,1,164,0.59375,330.5,7,55.99402
41,1982,Reagan,R,42,0,166,44.00598,4.1,73.4,1,164,0.5925926,338,7,55.99402
42,1986,Reagan,R,63,0,177,44.93017,3.7,95.6,1,160,0.5121951,315,8,55.06983
43,1986,Reagan,R,63,0,177,44.93017,3.7,95.6,1,160,0.5208333,356,8,55.06983
44,1986,Reagan,R,63,0,177,44.93017,3.7,95.6,1,160,0.5483871,343.5,8,55.06983
45,1986,Reagan,R,63,0,177,44.93017,3.7,95.6,1,160,0.4761905,344,8,55.06983
46,1986,Reagan,R,63,0,177,44.93017,3.7,95.6,1,160,0.597561,323,8,55.06983
47,1986,Reagan,R,63,0,177,44.93017,3.7,95.6,1,160,0.556962,355.5,8,55.06983
48,1986,Reagan,R,63,0,177,44.93017,3.7,95.6,1,160,0.5274725,360.5,8,55.06983
49,1990,Bush,R,66,0,167,45.82298,-1.9,63.9,0,153,0.5633803,348,9,54.17702
50,1990,Bush,R,66,0,167,45.82298,-1.9,63.9,0,153,0.5333333,364.5,9,54.17702
51,1990,Bush,R,66,0,167,45.82298,-1.9,63.9,0,153,0.5147059,358.5,9,54.17702
52,1990,Bush,R,66,0,167,45.82298,-1.9,63.9,0,153,0.55,338,9,54.17702
53,1990,Bush,R,66,0,167,45.82298,-1.9,63.9,0,153,0.5512821,331,9,54.17702
54,1990,Bush,R,66,0,167,45.82298,-1.9,63.9,0,153,0.4891304,340.5,9,54.17702
55,1990,Bush,R,66,0,167,45.82298,-1.9,63.9,0,153,0.5384615,340,9,54.17702
56,1990,Bush,R,66,0,167,45.82298,-1.9,63.9,0,153,0.5362319,314.5,9,54.17702
57,1990,Bush,R,66,0,167,45.82298,-1.9,63.9,0,153,0.5578947,356,9,54.17702
58,1990,Bush,R,66,0,167,45.82298,-1.9,63.9,0,153,0.5543478,362,9,54.17702
59,1990,Bush,R,66,0,167,45.82298,-1.9,63.9,0,153,0.5444444,326.5,9,54.17702
60,1990,Bush,R,66,0,167,45.82298,-1.9,63.9,0,153,0.5555556,354.5,9,54.17702
61,1990,Bush,R,66,0,167,45.82298,-1.9,63.9,0,153,0.5376344,362,9,54.17702
62,1994,Clinton,D,48,0,258,46.47629,1.2,92.7,1,220,0.5164835,361,10,53.52371
63,1994,Clinton,D,48,0,258,46.47629,1.2,92.7,1,220,0.4946237,344.5,10,53.52371
64,1994,Clinton,D,48,0,258,46.47629,1.2,92.7,1,220,0.5280899,361.5,10,53.52371
65,1994,Clinton,D,48,0,258,46.47629,1.2,92.7,1,220,0.4886364,361,10,53.52371
66,1994,Clinton,D,48,0,258,46.47629,1.2,92.7,1,220,0.4761905,348,10,53.52371
67,1994,Clinton,D,48,0,258,46.47629,1.2,92.7,1,220,0.4605263,337.5,10,53.52371
68,1994,Clinton,D,48,0,258,46.47629,1.2,92.7,1,220,0.4835165,333,10,53.52371
69,1994,Clinton,D,48,0,258,46.47629,1.2,92.7,1,220,0.4893617,334,10,53.52371
70,1994,Clinton,D,48,0,258,46.47629,1.2,92.7,1,220,0.5066667,335,10,53.52371
71,1994,Clinton,D,48,0,258,46.47629,1.2,92.7,1,220,0.53125,347.5,10,53.52371
72,1994,Clinton,D,48,0,258,46.47629,1.2,92.7,1,220,0.5212766,349.5,10,53.52371
73,1994,Clinton,D,48,0,258,46.47629,1.2,92.7,1,220,0.5185185,356,10,53.52371
74,1994,Clinton,D,48,0,258,46.47629,1.2,92.7,1,220,0.5416667,321.5,10,53.52371
75,1994,Clinton,D,48,0,258,46.47629,1.2,92.7,1,220,0.5394737,351.5,10,53.52371
76,1994,Clinton,D,48,0,258,46.47629,1.2,92.7,1,220,0.483871,316.5,10,53.52371
77,1994,Clinton,D,48,0,258,46.47629,1.2,92.7,1,220,0.4675325,342,10,53.52371
78,1994,Clinton,D,48,0,258,46.47629,1.2,92.7,1,220,0.5060241,315.5,10,53.52371
79,1994,Clinton,D,48,0,258,46.47629,1.2,92.7,1,220,0.4683544,317.5,10,53.52371
80,1994,Clinton,D,48,0,258,46.47629,1.2,92.7,1,220,0.4805195,361.5,10,53.52371
81,1994,Clinton,D,48,0,258,46.47629,1.2,92.7,1,220,0.5108696,355,10,53.52371
82,1998,Clinton,D,66,1,211,49.53312,-3.5,97.4,0,182,0.5051546,362.5,11,50.46688
83,1998,Clinton,D,66,1,211,49.53312,-3.5,97.4,0,182,0.5,345.5,11,50.46688
84,1998,Clinton,D,66,1,211,49.53312,-3.5,97.4,0,182,0.5529412,324.5,11,50.46688
85,1998,Clinton,D,66,1,211,49.53312,-3.5,97.4,0,182,0.5494505,361.5,11,50.46688
86,1998,Clinton,D,66,1,211,49.53312,-3.5,97.4,0,182,0.5054945,341.5,11,50.46688
87,1998,Clinton,D,66,1,211,49.53312,-3.5,97.4,0,182,0.53125,324.5,11,50.46688
88,1998,Clinton,D,66,1,211,49.53312,-3.5,97.4,0,182,0.5697674,345.5,11,50.46688
89,1998,Clinton,D,66,1,211,49.53312,-3.5,97.4,0,182,0.5301205,354,11,50.46688
90,1998,Clinton,D,66,1,211,49.53312,-3.5,97.4,0,182,0.4845361,358,11,50.46688
91,1998,Clinton,D,66,1,211,49.53312,-3.5,97.4,0,182,0.4512195,338.5,11,50.46688
92,1998,Clinton,D,66,1,211,49.53312,-3.5,97.4,0,182,0.5053763,341.5,11,50.46688
93,1998,Clinton,D,66,,,,,,,,,330,14,46.56121
93,1998,Clinton,D,66,1,211,49.53312,-3.5,97.4,0,182,0.4893617,361.5,11,50.46688
94,1998,Clinton,D,66,1,211,49.53312,-3.5,97.4,0,182,0.5189873,325,11,50.46688
95,1998,Clinton,D,66,1,211,49.53312,-3.5,97.4,0,182,0.5104167,354.5,11,50.46688
96,1998,Clinton,D,66,1,211,49.53312,-3.5,97.4,0,182,0.5052632,315.5,11,50.46688
97,1998,Clinton,D,66,1,211,49.53312,-3.5,97.4,0,182,0.4947368,323.5,11,50.46688
98,1998,Clinton,D,66,1,211,49.53312,-3.5,97.4,0,182,0.4883721,334.5,11,50.46688
99,1998,Clinton,D,66,1,211,49.53312,-3.5,97.4,0,182,0.5227273,333.5,11,50.46688
100,1998,Clinton,D,66,1,211,49.53312,-3.5,97.4,0,182,0.4725275,347,11,50.46688
101,1998,Clinton,D,66,1,211,49.53312,-3.5,97.4,0,182,0.5189873,346.5,11,50.46688
102,1998,Clinton,D,66,1,211,49.53312,-3.5,97.4,0,182,0.5212766,361.5,11,50.46688
103,1998,Clinton,D,66,1,211,49.53312,-3.5,97.4,0,182,0.4761905,313.5,11,50.46688
104,1998,Clinton,D,66,1,211,49.53312,-3.5,97.4,0,182,0.4875,333.5,11,50.46688
105,1998,Clinton,D,66,1,211,49.53312,-3.5,97.4,0,182,0.5164835,334.5,11,50.46688
106,1998,Clinton,D,66,1,211,49.53312,-3.5,97.4,0,182,0.5121951,342,11,50.46688
107,1998,Clinton,D,66,1,211,49.53312,-3.5,97.4,0,182,0.5113636,339.5,11,50.46688
108,1998,Clinton,D,66,1,211,49.53312,-3.5,97.4,0,182,0.4418605,359.5,11,50.46688
109,1998,Clinton,D,66,1,211,49.53312,-3.5,97.4,0,182,0.4756098,325,11,50.46688
110,1998,Clinton,D,66,1,211,49.53312,-3.5,97.4,0,182,0.5222222,315.5,11,50.46688
111,1998,Clinton,D,66,1,211,49.53312,-3.5,97.4,0,182,0.5106383,343.5,11,50.46688
112,1998,Clinton,D,66,1,211,49.53312,-3.5,97.4,0,182,0.4555556,339.5,11,50.46688
113,1998,Clinton,D,66,1,211,49.53312,-3.5,97.4,0,182,0.4895833,355,11,50.46688
114,1998,Clinton,D,66,1,211,49.53312,-3.5,97.4,0,182,0.5393258,324.5,11,50.46688
115,1998,Clinton,D,66,1,211,49.53312,-3.5,97.4,0,182,0.5180723,356.5,11,50.46688
116,1998,Clinton,D,66,1,211,49.53312,-3.5,97.4,0,182,0.5111111,360.5,11,50.46688
117,1998,Clinton,D,66,1,211,49.53312,-3.5,97.4,0,182,0.5274725,325.5,11,50.46688
118,1998,Clinton,D,66,1,211,49.53312,-3.5,97.4,0,182,0.4767442,349.5,11,50.46688
119,1998,Clinton,D,66,1,211,49.53312,-3.5,97.4,0,182,0.4842105,327.5,11,50.46688
120,1998,Clinton,D,66,1,211,49.53312,-3.5,97.4,0,182,0.5164835,355,11,50.46688
121,1998,Clinton,D,66,1,211,49.53312,-3.5,97.4,0,182,0.5052632,347.5,11,50.46688
122,1998,Clinton,D,66,1,211,49.53312,-3.5,97.4,0,182,0.4470588,338.5,11,50.46688
123,1998,Clinton,D,66,1,211,49.53312,-3.5,97.4,0,182,0.5494505,324.5,11,50.46688
124,1998,Clinton,D,66,1,211,49.53312,-3.5,97.4,0,182,0.5157895,361.5,11,50.46688
125,1998,Clinton,D,66,1,211,49.53312,-3.5,97.4,0,182,0.4941176,327.5,11,50.46688
126,1998,Clinton,D,66,1,211,49.53312,-3.5,97.4,0,182,0.5604396,345.5,11,50.46688
127,1998,Clinton,D,66,1,211,49.53312,-3.5,97.4,0,182,0.5057471,347,11,50.46688
128,1998,Clinton,D,66,1,211,49.53312,-3.5,97.4,0,182,0.4787234,324.5,11,50.46688
129,1998,Clinton,D,66,1,211,49.53312,-3.5,97.4,0,182,0.5212766,340,11,50.46688
130,1998,Clinton,D,66,1,211,49.53312,-3.5,97.4,0,182,0.5444444,343.5,11,50.46688
131,1998,Clinton,D,66,1,211,49.53312,-3.5,97.4,0,182,0.4489796,323.5,11,50.46688
132,2002,Bush,R,67,0,229,52.10919,-5.5,80.6,0,198,0.5057471,316.5,12,47.89081
133,2002,Bush,R,67,0,229,52.10919,-5.5,80.6,0,198,0.4597701,358,12,47.89081
134,2002,Bush,R,67,0,229,52.10919,-5.5,80.6,0,198,0.5057471,331,12,47.89081
135,2002,Bush,R,67,0,229,52.10919,-5.5,80.6,0,198,0.5,321.5,12,47.89081
136,2002,Bush,R,67,0,229,52.10919,-5.5,80.6,0,198,0.5,348.5,12,47.89081
137,2002,Bush,R,67,,,,,,,,,319.5,14,46.56121
93,1998,Clinton,D,66,1,211,49.53312,-3.5,97.4,0,182,0.4893617,361.5,11,50.46688
94,1998,Clinton,D,66,1,211,49.53312,-3.5,97.4,0,182,0.5189873,325,11,50.46688
95,1998,Clinton,D,66,1,211,49.53312,-3.5,97.4,0,182,0.5104167,354.5,11,50.46688
96,1998,Clinton,D,66,1,211,49.53312,-3.5,97.4,0,182,0.5052632,315.5,11,50.46688
97,1998,Clinton,D,66,1,211,49.53312,-3.5,97.4,0,182,0.4947368,323.5,11,50.46688
98,1998,Clinton,D,66,1,211,49.53312,-3.5,97.4,0,182,0.4883721,334.5,11,50.46688
99,1998,Clinton,D,66,1,211,49.53312,-3.5,97.4,0,182,0.5227273,333.5,11,50.46688
100,1998,Clinton,D,66,1,211,49.53312,-3.5,97.4,0,182,0.4725275,347,11,50.46688
101,1998,Clinton,D,66,1,211,49.53312,-3.5,97.4,0,182,0.5189873,346.5,11,50.46688
102,1998,Clinton,D,66,1,211,49.53312,-3.5,97.4,0,182,0.5212766,361.5,11,50.46688
103,1998,Clinton,D,66,1,211,49.53312,-3.5,97.4,0,182,0.4761905,313.5,11,50.46688
104,1998,Clinton,D,66,1,211,49.53312,-3.5,97.4,0,182,0.4875,333.5,11,50.46688
105,1998,Clinton,D,66,1,211,49.53312,-3.5,97.4,0,182,0.5164835,334.5,11,50.46688
106,1998,Clinton,D,66,1,211,49.53312,-3.5,97.4,0,182,0.5121951,342,11,50.46688
107,1998,Clinton,D,66,1,211,49.53312,-3.5,97.4,0,182,0.5113636,339.5,11,50.46688
108,1998,Clinton,D,66,1,211,49.53312,-3.5,97.4,0,182,0.4418605,359.5,11,50.46688
109,1998,Clinton,D,66,1,211,49.53312,-3.5,97.4,0,182,0.4756098,325,11,50.46688
110,1998,Clinton,D,66,1,211,49.53312,-3.5,97.4,0,182,0.5222222,315.5,11,50.46688
111,1998,Clinton,D,66,1,211,49.53312,-3.5,97.4,0,182,0.5106383,343.5,11,50.46688
112,1998,Clinton,D,66,1,211,49.53312,-3.5,97.4,0,182,0.4555556,339.5,11,50.46688
113,1998,Clinton,D,66,1,211,49.53312,-3.5,97.4,0,182,0.4895833,355,11,50.46688
114,1998,Clinton,D,66,1,211,49.53312,-3.5,97.4,0,182,0.5393258,324.5,11,50.46688
115,1998,Clinton,D,66,1,211,49.53312,-3.5,97.4,0,182,0.5180723,356.5,11,50.46688
116,1998,Clinton,D,66,1,211,49.53312,-3.5,97.4,0,182,0.5111111,360.5,11,50.46688
117,1998,Clinton,D,66,1,211,49.53312,-3.5,97.4,0,182,0.5274725,325.5,11,50.46688
118,1998,Clinton,D,66,1,211,49.53312,-3.5,97.4,0,182,0.4767442,349.5,11,50.46688
119,1998,Clinton,D,66,1,211,49.53312,-3.5,97.4,0,182,0.4842105,327.5,11,50.46688
120,1998,Clinton,D,66,1,211,49.53312,-3.5,97.4,0,182,0.5164835,355,11,50.46688
121,1998,Clinton,D,66,1,211,49.53312,-3.5,97.4,0,182,0.5052632,347.5,11,50.46688
122,1998,Clinton,D,66,1,211,49.53312,-3.5,97.4,0,182,0.4470588,338.5,11,50.46688
123,1998,Clinton,D,66,1,211,49.53312,-3.5,97.4,0,182,0.5494505,324.5,11,50.46688
124,1998,Clinton,D,66,1,211,49.53312,-3.5,97.4,0,182,0.5157895,361.5,11,50.46688
125,1998,Clinton,D,66,1,211,49.53312,-3.5,97.4,0,182,0.4941176,327.5,11,50.46688
126,1998,Clinton,D,66,1,211,49.53312,-3.5,97.4,0,182,0.5604396,345.5,11,50.46688
127,1998,Clinton,D,66,1,211,49.53312,-3.5,97.4,0,182,0.5057471,347,11,50.46688
128,1998,Clinton,D,66,1,211,49.53312,-3.5,97.4,0,182,0.4787234,324.5,11,50.46688
129,1998,Clinton,D,66,1,211,49.53312,-3.5,97.4,0,182,0.5212766,340,11,50.46688
130,1998,Clinton,D,66,1,211,49.53312,-3.5,97.4,0,182,0.5444444,343.5,11,50.46688
131,1998,Clinton,D,66,1,211,49.53312,-3.5,97.4,0,182,0.4489796,323.5,11,50.46688
132,2002,Bush,R,67,0,229,52.10919,-5.5,80.6,0,198,0.5057471,316.5,12,47.89081
133,2002,Bush,R,67,0,229,52.10919,-5.5,80.6,0,198,0.4597701,358,12,47.89081
134,2002,Bush,R,67,0,229,52.10919,-5.5,80.6,0,198,0.5057471,331,12,47.89081
135,2002,Bush,R,67,0,229,52.10919,-5.5,80.6,0,198,0.5,321.5,12,47.89081
136,2002,Bush,R,67,0,229,52.10919,-5.5,80.6,0,198,0.5,348.5,12,47.89081
137,2002,Bush,R,67,0,229,52.10919,-5.5,80.6,0,198,0.5274725,320,12,47.89081
138,2002,Bush,R,67,0,229,52.10919,-5.5,80.6,0,198,0.5402299,331,12,47.89081
139,2002,Bush,R,67,0,229,52.10919,-5.5,80.6,0,198,0.5222222,331,12,47.89081
140,2002,Bush,R,67,0,229,52.10919,-5.5,80.6,0,198,0.4835165,362,12,47.89081
141,2002,Bush,R,67,0,229,52.10919,-5.5,80.6,0,198,0.4651163,355,12,47.89081
142,2002,Bush,R,67,0,229,52.10919,-5.5,80.6,0,198,0.4941176,348.5,12,47.89081
143,2002,Bush,R,67,0,229,52.10919,-5.5,80.6,0,198,0.5402299,339,12,47.89081
144,2002,Bush,R,67,0,229,52.10919,-5.5,80.6,0,198,0.5164835,352,12,47.89081
145,2002,Bush,R,67,0,229,52.10919,-5.5,80.6,0,198,0.5,321.5,12,47.89081
146,2002,Bush,R,67,0,229,52.10919,-5.5,80.6,0,198,0.5111111,360.5,12,47.89081
147,2002,Bush,R,67,0,229,52.10919,-5.5,80.6,0,198,0.505618,357,12,47.89081
148,2002,Bush,R,67,0,229,52.10919,-5.5,80.6,0,198,0.5168539,339.5,12,47.89081
149,2002,Bush,R,67,0,229,52.10919,-5.5,80.6,0,198,0.4731183,361.5,12,47.89081
150,2002,Bush,R,67,0,229,52.10919,-5.5,80.6,0,198,0.5057471,320,12,47.89081
151,2002,Bush,R,67,0,229,52.10919,-5.5,80.6,0,198,0.5104167,323.5,12,47.89081
152,2002,Bush,R,67,0,229,52.10919,-5.5,80.6,0,198,0.5111111,330,12,47.89081
153,2002,Bush,R,67,0,229,52.10919,-5.5,80.6,0,198,0.5111111,330,12,47.89081
154,2002,Bush,R,67,0,229,52.10919,-5.5,80.6,0,198,0.5168539,333,12,47.89081
155,2002,Bush,R,67,0,229,52.10919,-5.5,80.6,0,198,0.51,356.5,12,47.89081
156,2002,Bush,R,67,0,229,52.10919,-5.5,80.6,0,198,0.5052632,333.5,12,47.89081
157,2002,Bush,R,67,0,229,52.10919,-5.5,80.6,0,198,0.5,345,12,47.89081
158,2002,Bush,R,67,0,229,52.10919,-5.5,80.6,0,198,0.4831461,353.5,12,47.89081
159,2002,Bush,R,67,0,229,52.10919,-5.5,80.6,0,198,0.4725275,333.5,12,47.89081
160,2002,Bush,R,67,0,229,52.10919,-5.5,80.6,0,198,0.5208333,320,12,47.89081
161,2002,Bush,R,67,0,229,52.10919,-5.5,80.6,0,198,0.5168539,333,12,47.89081
162,2002,Bush,R,67,0,229,52.10919,-5.5,80.6,0,198,0.5111111,331,12,47.89081
163,2002,Bush,R,67,0,229,52.10919,-5.5,80.6,0,198,0.5,361.5,12,47.89081
164,2002,Bush,R,67,0,229,52.10919,-5.5,80.6,0,198,0.5227273,323.5,12,47.89081
165,2002,Bush,R,67,0,229,52.10919,-5.5,80.6,0,198,0.5157895,350.5,12,47.89081
166,2002,Bush,R,67,0,229,52.10919,-5.5,80.6,0,198,0.4895833,354.5,12,47.89081
167,2002,Bush,R,67,0,229,52.10919,-5.5,80.6,0,198,0.5222222,352.5,12,47.89081
168,2002,Bush,R,67,0,229,52.10919,-5.5,80.6,0,198,0.5,318.5,12,47.89081
169,2002,Bush,R,67,0,229,52.10919,-5.5,80.6,0,198,0.5119048,331,12,47.89081
170,2002,Bush,R,67,0,229,52.10919,-5.5,80.6,0,198,0.4698795,331,12,47.89081
171,2002,Bush,R,67,0,229,52.10919,-5.5,80.6,0,198,0.5,358.5,12,47.89081
172,2002,Bush,R,67,0,229,52.10919,-5.5,80.6,0,198,0.5,318.5,12,47.89081
173,2002,Bush,R,67,0,229,52.10919,-5.5,80.6,0,198,0.5164835,352,12,47.89081
174,2002,Bush,R,67,0,229,52.10919,-5.5,80.6,0,198,0.4938272,351.5,12,47.89081
175,2002,Bush,R,67,0,229,52.10919,-5.5,80.6,0,198,0.5232558,344.5,12,47.89081
176,2002,Bush,R,67,0,229,52.10919,-5.5,80.6,0,198,0.5057471,316.5,12,47.89081
177,2002,Bush,R,67,0,229,52.10919,-5.5,80.6,0,198,0.5057471,320,12,47.89081
178,2002,Bush,R,67,0,229,52.10919,-5.5,80.6,0,198,0.505618,358.5,12,47.89081
179,2002,Bush,R,67,0,229,52.10919,-5.5,80.6,0,198,0.5494505,350.5,12,47.89081
180,2002,Bush,R,67,0,229,52.10919,-5.5,80.6,0,198,0.46875,361.5,12,47.89081
181,2002,Bush,R,67,0,229,52.10919,-5.5,80.6,0,198,0.4878049,337.5,12,47.89081
182,2002,Bush,R,67,0,229,52.10919,-5.5,80.6,0,198,0.5057471,331,12,47.89081
183,2002,Bush,R,67,0,229,52.10919,-5.5,80.6,0,198,0.5111111,314,12,47.89081
184,2002,Bush,R,67,0,229,52.10919,-5.5,80.6,0,198,0.5,345,12,47.89081
185,2002,Bush,R,67,0,229,52.10919,-5.5,80.6,0,198,0.4597701,325.5,12,47.89081
186,2002,Bush,R,67,0,229,52.10919,-5.5,80.6,0,198,0.4814815,316,12,47.89081
187,2002,Bush,R,67,0,229,52.10919,-5.5,80.6,0,198,0.4941176,348.5,12,47.89081
188,2006,Bush,R,37,0,202,45.8798,8.2,93.6,1,209,0.5769231,334.5,13,54.1202
189,2006,Bush,R,37,0,202,45.8798,8.2,93.6,1,209,0.5789474,360,13,54.1202
190,2006,Bush,R,37,0,202,45.8798,8.2,93.6,1,209,0.5543478,330,13,54.1202
191,2006,Bush,R,37,0,202,45.8798,8.2,93.6,1,209,0.5662651,389,13,54.1202
192,2006,Bush,R,37,0,202,45.8798,8.2,93.6,1,209,0.5684211,347.5,13,54.1202
193,2006,Bush,R,37,0,202,45.8798,8.2,93.6,1,209,0.6210526,333.5,13,54.1202
194,2006,Bush,R,37,0,202,45.8798,8.2,93.6,1,209,0.6046512,348,13,54.1202
195,2006,Bush,R,37,0,202,45.8798,8.2,93.6,1,209,0.4788732,338,13,54.1202
196,2006,Bush,R,37,0,202,45.8798,8.2,93.6,1,209,0.5578947,355,13,54.1202
197,2006,Bush,R,37,0,202,45.8798,8.2,93.6,1,209,0.5632184,353.5,13,54.1202
198,2006,Bush,R,37,0,202,45.8798,8.2,93.6,1,209,0.6236559,334,13,54.1202
199,2006,Bush,R,37,0,202,45.8798,8.2,93.6,1,209,0.5666667,332.5,13,54.1202
200,2006,Bush,R,37,0,202,45.8798,8.2,93.6,1,209,0.4342105,322,13,54.1202
201,2006,Bush,R,37,0,202,45.8798,8.2,93.6,1,209,0.6021505,349.5,13,54.1202
202,2006,Bush,R,37,0,202,45.8798,8.2,93.6,1,209,0.5632184,351.5,13,54.1202
203,2006,Bush,R,37,0,202,45.8798,8.2,93.6,1,209,0.6210526,334,13,54.1202
204,2006,Bush,R,37,0,202,45.8798,8.2,93.6,1,209,0.5444444,398,13,54.1202
205,2006,Bush,R,37,0,202,45.8798,8.2,93.6,1,209,0.5684211,348,13,54.1202
206,2006,Bush,R,37,0,202,45.8798,8.2,93.6,1,209,0.5393258,376,13,54.1202
207,2006,Bush,R,37,0,202,45.8798,8.2,93.6,1,209,0.5934066,349.5,13,54.1202
208,2006,Bush,R,37,0,202,45.8798,8.2,93.6,1,209,0.5568182,314.5,13,54.1202
209,2006,Bush,R,37,0,202,45.8798,8.2,93.6,1,209,0.4285714,348.5,13,54.1202
210,2006,Bush,R,37,0,202,45.8798,8.2,93.6,1,209,0.5684211,333.5,13,54.1202
211,2006,Bush,R,37,0,202,45.8798,8.2,93.6,1,209,0.5287356,334.5,13,54.1202
212,2006,Bush,R,37,0,202,45.8798,8.2,93.6,1,209,0.5974026,348.5,13,54.1202
213,2006,Bush,R,37,0,202,45.8798,8.2,93.6,1,209,0.5517241,317,13,54.1202
214,2006,Bush,R,37,0,202,45.8798,8.2,93.6,1,209,0.5842697,341.5,13,54.1202
215,2006,Bush,R,37,0,202,45.8798,8.2,93.6,1,209,0.5517241,328,13,54.1202
216,2006,Bush,R,37,0,202,45.8798,8.2,93.6,1,209,0.5978261,349.5,13,54.1202
217,2006,Bush,R,37,0,202,45.8798,8.2,93.6,1,209,0.5647059,363.5,13,54.1202
218,2006,Bush,R,37,0,202,45.8798,8.2,93.6,1,209,0.56,320.5,13,54.1202
219,2006,Bush,R,37,0,202,45.8798,8.2,93.6,1,209,0.5632184,333.5,13,54.1202
220,2006,Bush,R,37,0,202,45.8798,8.2,93.6,1,209,0.3764706,360.5,13,54.1202
221,2006,Bush,R,37,0,202,45.8798,8.2,93.6,1,209,0.5714286,354.5,13,54.1202
222,2006,Bush,R,37,0,202,45.8798,8.2,93.6,1,209,0.5955056,330,13,54.1202
223,2006,Bush,R,37,0,202,45.8798,8.2,93.6,1,209,0.53125,360.5,13,54.1202
224,2006,Bush,R,37,0,202,45.8798,8.2,93.6,1,209,0.5632184,397.5,13,54.1202
225,2006,Bush,R,37,0,202,45.8798,8.2,93.6,1,209,0.5882353,314,13,54.1202
226,2006,Bush,R,37,0,202,45.8798,8.2,93.6,1,209,0.5824176,348,13,54.1202
227,2006,Bush,R,37,0,202,45.8798,8.2,93.6,1,209,0.5368421,361.5,13,54.1202
228,2006,Bush,R,37,0,202,45.8798,8.2,93.6,1,209,0.5806452,362,13,54.1202
229,2006,Bush,R,37,0,202,45.8798,8.2,93.6,1,209,0.5978261,346.5,13,54.1202
230,2006,Bush,R,37,0,202,45.8798,8.2,93.6,1,209,0.4395604,361.5,13,54.1202
231,2006,Bush,R,37,0,202,45.8798,8.2,93.6,1,209,0.5684211,320,13,54.1202
232,2006,Bush,R,37,0,202,45.8798,8.2,93.6,1,209,0.5869565,330,13,54.1202
233,2006,Bush,R,37,0,202,45.8798,8.2,93.6,1,209,0.5376344,349,13,54.1202
234,2006,Bush,R,37,0,202,45.8798,8.2,93.6,1,209,0.5730337,324.5,13,54.1202
235,2006,Bush,R,37,0,202,45.8798,8.2,93.6,1,209,0.5909091,360.5,13,54.1202
236,2006,Bush,R,37,0,202,45.8798,8.2,93.6,1,209,0.5222222,360.5,13,54.1202
237,2006,Bush,R,37,0,202,45.8798,8.2,93.6,1,209,0.5657895,400.5,13,54.1202
238,2006,Bush,R,37,0,202,45.8798,8.2,93.6,1,209,0.5842697,356,13,54.1202
239,2006,Bush,R,37,0,202,45.8798,8.2,93.6,1,209,0.5568182,390,13,54.1202
240,2006,Bush,R,37,0,202,45.8798,8.2,93.6,1,209,0.4482759,336,13,54.1202
241,2006,Bush,R,37,0,202,45.8798,8.2,93.6,1,209,0.5454545,362,13,54.1202
242,2006,Bush,R,37,0,202,45.8798,8.2,93.6,1,209,0.5368421,406,13,54.1202
243,2006,Bush,R,37,0,202,45.8798,8.2,93.6,1,209,0.5633803,341,13,54.1202
244,2006,Bush,R,37,0,202,45.8798,8.2,93.6,1,209,0.5795455,346.5,13,54.1202
245,2006,Bush,R,37,0,202,45.8798,8.2,93.6,1,209,0.5894737,348,13,54.1202
246,2006,Bush,R,37,0,202,45.8798,8.2,93.6,1,209,0.5376344,349,13,54.1202
247,2006,Bush,R,37,0,202,45.8798,8.2,93.6,1,209,0.5494505,337.5,13,54.1202
248,2006,Bush,R,37,0,202,45.8798,8.2,93.6,1,209,0.6321839,346.5,13,54.1202
249,2006,Bush,R,37,0,202,45.8798,8.2,93.6,1,209,0.5517241,348,13,54.1202
250,2006,Bush,R,37,0,202,45.8798,8.2,93.6,1,209,0.4157303,358.5,13,54.1202
251,2006,Bush,R,37,0,202,45.8798,8.2,93.6,1,209,0.5764706,362.5,13,54.1202
252,2006,Bush,R,37,0,202,45.8798,8.2,93.6,1,209,0.5670103,320,13,54.1202
253,2006,Bush,R,37,0,202,45.8798,8.2,93.6,1,209,0.5764706,334.5,13,54.1202
254,2006,Bush,R,37,0,202,45.8798,8.2,93.6,1,209,0.5394737,371,13,54.1202
255,2006,Bush,R,37,0,202,45.8798,8.2,93.6,1,209,0.5730337,332.5,13,54.1202
256,2006,Bush,R,37,0,202,45.8798,8.2,93.6,1,209,0.6236559,334,13,54.1202
257,2006,Bush,R,37,0,202,45.8798,8.2,93.6,1,209,0.5833333,341,13,54.1202
258,2006,Bush,R,37,0,202,45.8798,8.2,93.6,1,209,0.6195652,347.5,13,54.1202
259,2006,Bush,R,37,0,202,45.8798,8.2,93.6,1,209,0.6210526,334,13,54.1202
260,2006,Bush,R,37,0,202,45.8798,8.2,93.6,1,209,0.5340909,337.5,13,54.1202
261,2006,Bush,R,37,0,202,45.8798,8.2,93.6,1,209,0.4479167,360.5,13,54.1202
262,2006,Bush,R,37,0,202,45.8798,8.2,93.6,1,209,0.5833333,319.5,13,54.1202
263,2006,Bush,R,37,0,202,45.8798,8.2,93.6,1,209,0.5869565,355,13,54.1202
264,2006,Bush,R,37,0,202,45.8798,8.2,93.6,1,209,0.6022727,332.5,13,54.1202
265,2006,Bush,R,37,0,202,45.8798,8.2,93.6,1,209,0.5517241,328,13,54.1202
266,2006,Bush,R,37,0,202,45.8798,8.2,93.6,1,209,0.5876289,348,13,54.1202
267,2006,Bush,R,37,0,202,45.8798,8.2,93.6,1,209,0.6354167,354.5,13,54.1202
268,2006,Bush,R,37,0,202,45.8798,8.2,93.6,1,209,0.5869565,360.5,13,54.1202
269,2006,Bush,R,37,0,202,45.8798,8.2,93.6,1,209,0.5869565,334,13,54.1202
270,2006,Bush,R,37,0,202,45.8798,8.2,93.6,1,209,0.4216867,325.5,13,54.1202
271,2006,Bush,R,37,0,202,45.8798,8.2,93.6,1,209,0.5729167,347.5,13,54.1202
272,2006,Bush,R,37,0,202,45.8798,8.2,93.6,1,209,0.5444444,322.5,13,54.1202
273,2006,Bush,R,37,0,202,45.8798,8.2,93.6,1,209,0.547619,398.5,13,54.1202
274,2006,Bush,R,37,0,202,45.8798,8.2,93.6,1,209,0.5517241,336,13,54.1202
275,2006,Bush,R,37,0,202,45.8798,8.2,93.6,1,209,0.5697674,347.5,13,54.1202
276,2006,Bush,R,37,0,202,45.8798,8.2,93.6,1,209,0.5833333,333.5,13,54.1202
277,2006,Bush,R,37,0,202,45.8798,8.2,93.6,1,209,0.5647059,363.5,13,54.1202
278,2006,Bush,R,37,0,202,45.8798,8.2,93.6,1,209,0.5903614,348,13,54.1202
279,2006,Bush,R,37,0,202,45.8798,8.2,93.6,1,209,0.5280899,326.5,13,54.1202
280,2006,Bush,R,37,0,202,45.8798,8.2,93.6,1,209,0.4301075,327.5,13,54.1202
281,2006,Bush,R,37,0,202,45.8798,8.2,93.6,1,209,0.5882353,353.5,13,54.1202
282,2006,Bush,R,37,0,202,45.8798,8.2,93.6,1,209,0.6041667,362,13,54.1202
283,2006,Bush,R,37,0,202,45.8798,8.2,93.6,1,209,0.6105263,334,13,54.1202
284,2006,Bush,R,37,0,202,45.8798,8.2,93.6,1,209,0.5957447,341,13,54.1202
285,2006,Bush,R,37,0,202,45.8798,8.2,93.6,1,209,0.5824176,348,13,54.1202
286,2006,Bush,R,37,0,202,45.8798,8.2,93.6,1,209,0.5955056,368.5,13,54.1202
287,2006,Bush,R,37,0,202,45.8798,8.2,93.6,1,209,0.452381,398.5,13,54.1202
288,2006,Bush,R,37,0,202,45.8798,8.2,93.6,1,209,0.5978261,358.5,13,54.1202
289,2006,Bush,R,37,0,202,45.8798,8.2,93.6,1,209,0.5632184,323.5,13,54.1202
290,2006,Bush,R,37,0,202,45.8798,8.2,93.6,1,209,0.56,392,13,54.1202
291,2006,Bush,R,37,0,202,45.8798,8.2,93.6,1,209,0.5578947,327.5,13,54.1202
292,2006,Bush,R,37,0,202,45.8798,8.2,93.6,1,209,0.5632184,346.5,13,54.1202
293,2006,Bush,R,37,0,202,45.8798,8.2,93.6,1,209,0.5487805,404.5,13,54.1202
294,2006,Bush,R,37,0,202,45.8798,8.2,93.6,1,209,0.5454545,360.5,13,54.1202
295,2006,Bush,R,37,0,202,45.8798,8.2,93.6,1,209,0.5842697,341.5,13,54.1202
296,2006,Bush,R,37,0,202,45.8798,8.2,93.6,1,209,0.576087,353.5,13,54.1202
297,2006,Bush,R,37,0,202,45.8798,8.2,93.6,1,209,0.5875,348.5,13,54.1202
298,2006,Bush,R,37,0,202,45.8798,8.2,93.6,1,209,0.5684211,348,13,54.1202
299,2006,Bush,R,37,0,202,45.8798,8.2,93.6,1,209,0.5543478,404.5,13,54.1202
300,2010,Obama,D,44,0,,,,,,,,,,
214,2006,Bush,R,37,0,202,45.8798,8.2,93.6,1,209,0.5842697,341.5,13,54.1202
215,2006,Bush,R,37,0,202,45.8798,8.2,93.6,1,209,0.5517241,328,13,54.1202
216,2006,Bush,R,37,0,202,45.8798,8.2,93.6,1,209,0.5978261,349.5,13,54.1202
217,2006,Bush,R,37,0,202,45.8798,8.2,93.6,1,209,0.5647059,363.5,13,54.1202
218,2006,Bush,R,37,0,202,45.8798,8.2,93.6,1,209,0.56,320.5,13,54.1202
219,2006,Bush,R,37,0,202,45.8798,8.2,93.6,1,209,0.5632184,333.5,13,54.1202
220,2006,Bush,R,37,0,202,45.8798,8.2,93.6,1,209,0.3764706,360.5,13,54.1202
221,2006,Bush,R,37,0,202,45.8798,8.2,93.6,1,209,0.5714286,354.5,13,54.1202
222,2006,Bush,R,37,0,202,45.8798,8.2,93.6,1,209,0.5955056,330,13,54.1202
223,2006,Bush,R,37,0,202,45.8798,8.2,93.6,1,209,0.53125,360.5,13,54.1202
224,2006,Bush,R,37,0,202,45.8798,8.2,93.6,1,209,0.5632184,397.5,13,54.1202
225,2006,Bush,R,37,0,202,45.8798,8.2,93.6,1,209,0.5882353,314,13,54.1202
226,2006,Bush,R,37,0,202,45.8798,8.2,93.6,1,209,0.5824176,348,13,54.1202
227,2006,Bush,R,37,0,202,45.8798,8.2,93.6,1,209,0.5368421,361.5,13,54.1202
228,2006,Bush,R,37,0,202,45.8798,8.2,93.6,1,209,0.5806452,362,13,54.1202
229,2006,Bush,R,37,0,202,45.8798,8.2,93.6,1,209,0.5978261,346.5,13,54.1202
230,2006,Bush,R,37,0,202,45.8798,8.2,93.6,1,209,0.4395604,361.5,13,54.1202
231,2006,Bush,R,37,0,202,45.8798,8.2,93.6,1,209,0.5684211,320,13,54.1202
232,2006,Bush,R,37,0,202,45.8798,8.2,93.6,1,209,0.5869565,330,13,54.1202
233,2006,Bush,R,37,0,202,45.8798,8.2,93.6,1,209,0.5376344,349,13,54.1202
234,2006,Bush,R,37,0,202,45.8798,8.2,93.6,1,209,0.5730337,324.5,13,54.1202
235,2006,Bush,R,37,0,202,45.8798,8.2,93.6,1,209,0.5909091,360.5,13,54.1202
236,2006,Bush,R,37,0,202,45.8798,8.2,93.6,1,209,0.5222222,360.5,13,54.1202
237,2006,Bush,R,37,0,202,45.8798,8.2,93.6,1,209,0.5657895,400.5,13,54.1202
238,2006,Bush,R,37,0,202,45.8798,8.2,93.6,1,209,0.5842697,356,13,54.1202
239,2006,Bush,R,37,0,202,45.8798,8.2,93.6,1,209,0.5568182,390,13,54.1202
240,2006,Bush,R,37,0,202,45.8798,8.2,93.6,1,209,0.4482759,336,13,54.1202
241,2006,Bush,R,37,0,202,45.8798,8.2,93.6,1,209,0.5454545,362,13,54.1202
242,2006,Bush,R,37,0,202,45.8798,8.2,93.6,1,209,0.5368421,406,13,54.1202
243,2006,Bush,R,37,0,202,45.8798,8.2,93.6,1,209,0.5633803,341,13,54.1202
244,2006,Bush,R,37,0,202,45.8798,8.2,93.6,1,209,0.5795455,346.5,13,54.1202
245,2006,Bush,R,37,0,202,45.8798,8.2,93.6,1,209,0.5894737,348,13,54.1202
246,2006,Bush,R,37,0,202,45.8798,8.2,93.6,1,209,0.5376344,349,13,54.1202
247,2006,Bush,R,37,0,202,45.8798,8.2,93.6,1,209,0.5494505,337.5,13,54.1202
248,2006,Bush,R,37,0,202,45.8798,8.2,93.6,1,209,0.6321839,346.5,13,54.1202
249,2006,Bush,R,37,0,202,45.8798,8.2,93.6,1,209,0.5517241,348,13,54.1202
250,2006,Bush,R,37,0,202,45.8798,8.2,93.6,1,209,0.4157303,358.5,13,54.1202
251,2006,Bush,R,37,0,202,45.8798,8.2,93.6,1,209,0.5764706,362.5,13,54.1202
252,2006,Bush,R,37,0,202,45.8798,8.2,93.6,1,209,0.5670103,320,13,54.1202
253,2006,Bush,R,37,0,202,45.8798,8.2,93.6,1,209,0.5764706,334.5,13,54.1202
254,2006,Bush,R,37,0,202,45.8798,8.2,93.6,1,209,0.5394737,371,13,54.1202
255,2006,Bush,R,37,0,202,45.8798,8.2,93.6,1,209,0.5730337,332.5,13,54.1202
256,2006,Bush,R,37,0,202,45.8798,8.2,93.6,1,209,0.6236559,334,13,54.1202
257,2006,Bush,R,37,0,202,45.8798,8.2,93.6,1,209,0.5833333,341,13,54.1202
258,2006,Bush,R,37,0,202,45.8798,8.2,93.6,1,209,0.6195652,347.5,13,54.1202
259,2006,Bush,R,37,0,202,45.8798,8.2,93.6,1,209,0.6210526,334,13,54.1202
260,2006,Bush,R,37,0,202,45.8798,8.2,93.6,1,209,0.5340909,337.5,13,54.1202
261,2006,Bush,R,37,0,202,45.8798,8.2,93.6,1,209,0.4479167,360.5,13,54.1202
262,2006,Bush,R,37,0,202,45.8798,8.2,93.6,1,209,0.5833333,319.5,13,54.1202
263,2006,Bush,R,37,0,202,45.8798,8.2,93.6,1,209,0.5869565,355,13,54.1202
264,2006,Bush,R,37,0,202,45.8798,8.2,93.6,1,209,0.6022727,332.5,13,54.1202
265,2006,Bush,R,37,0,202,45.8798,8.2,93.6,1,209,0.5517241,328,13,54.1202
266,2006,Bush,R,37,0,202,45.8798,8.2,93.6,1,209,0.5876289,348,13,54.1202
267,2006,Bush,R,37,0,202,45.8798,8.2,93.6,1,209,0.6354167,354.5,13,54.1202
268,2006,Bush,R,37,0,202,45.8798,8.2,93.6,1,209,0.5869565,360.5,13,54.1202
269,2006,Bush,R,37,0,202,45.8798,8.2,93.6,1,209,0.5869565,334,13,54.1202
270,2006,Bush,R,37,0,202,45.8798,8.2,93.6,1,209,0.4216867,325.5,13,54.1202
271,2006,Bush,R,37,0,202,45.8798,8.2,93.6,1,209,0.5729167,347.5,13,54.1202
272,2006,Bush,R,37,0,202,45.8798,8.2,93.6,1,209,0.5444444,322.5,13,54.1202
273,2006,Bush,R,37,0,202,45.8798,8.2,93.6,1,209,0.547619,398.5,13,54.1202
274,2006,Bush,R,37,0,202,45.8798,8.2,93.6,1,209,0.5517241,336,13,54.1202
275,2006,Bush,R,37,0,202,45.8798,8.2,93.6,1,209,0.5697674,347.5,13,54.1202
276,2006,Bush,R,37,0,202,45.8798,8.2,93.6,1,209,0.5833333,333.5,13,54.1202
277,2006,Bush,R,37,0,202,45.8798,8.2,93.6,1,209,0.5647059,363.5,13,54.1202
278,2006,Bush,R,37,0,202,45.8798,8.2,93.6,1,209,0.5903614,348,13,54.1202
279,2006,Bush,R,37,0,202,45.8798,8.2,93.6,1,209,0.5280899,326.5,13,54.1202
280,2006,Bush,R,37,0,202,45.8798,8.2,93.6,1,209,0.4301075,327.5,13,54.1202
281,2006,Bush,R,37,0,202,45.8798,8.2,93.6,1,209,0.5882353,353.5,13,54.1202
282,2006,Bush,R,37,0,202,45.8798,8.2,93.6,1,209,0.6041667,362,13,54.1202
283,2006,Bush,R,37,0,202,45.8798,8.2,93.6,1,209,0.6105263,334,13,54.1202
284,2006,Bush,R,37,0,202,45.8798,8.2,93.6,1,209,0.5957447,341,13,54.1202
285,2006,Bush,R,37,0,202,45.8798,8.2,93.6,1,209,0.5824176,348,13,54.1202
286,2006,Bush,R,37,0,202,45.8798,8.2,93.6,1,209,0.5955056,368.5,13,54.1202
287,2006,Bush,R,37,0,202,45.8798,8.2,93.6,1,209,0.452381,398.5,13,54.1202
288,2006,Bush,R,37,0,202,45.8798,8.2,93.6,1,209,0.5978261,358.5,13,54.1202
289,2006,Bush,R,37,0,202,45.8798,8.2,93.6,1,209,0.5632184,323.5,13,54.1202
290,2006,Bush,R,37,0,202,45.8798,8.2,93.6,1,209,0.56,392,13,54.1202
291,2006,Bush,R,37,0,202,45.8798,8.2,93.6,1,209,0.5578947,327.5,13,54.1202
292,2006,Bush,R,37,0,202,45.8798,8.2,93.6,1,209,0.5632184,346.5,13,54.1202
293,2006,Bush,R,37,0,202,45.8798,8.2,93.6,1,209,0.5487805,404.5,13,54.1202
294,2006,Bush,R,37,0,202,45.8798,8.2,93.6,1,209,0.5454545,360.5,13,54.1202
295,2006,Bush,R,37,0,202,45.8798,8.2,93.6,1,209,0.5842697,341.5,13,54.1202
296,2006,Bush,R,37,0,202,45.8798,8.2,93.6,1,209,0.576087,353.5,13,54.1202
297,2006,Bush,R,37,0,202,45.8798,8.2,93.6,1,209,0.5875,348.5,13,54.1202
298,2006,Bush,R,37,0,202,45.8798,8.2,93.6,1,209,0.5684211,348,13,54.1202
299,2006,Bush,R,37,0,202,45.8798,8.2,93.6,1,209,0.5543478,404.5,13,54.1202
300,2010,Obama,D,44,0,193,53.43879,-0.5,67.7,0,227,0.5319149,363,14,46.56121
301,2010,Obama,D,44,0,193,53.43879,-0.5,67.7,0,227,0.4673913,335,14,46.56121
302,2010,Obama,D,44,0,193,53.43879,-0.5,67.7,0,227,0.4421053,344,14,46.56121
303,2010,Obama,D,44,0,193,53.43879,-0.5,67.7,0,227,0.4361702,337,14,46.56121
304,2010,Obama,D,44,0,193,53.43879,-0.5,67.7,0,227,0.5111111,334.5,14,46.56121
305,2010,Obama,D,44,0,193,53.43879,-0.5,67.7,0,227,0.4105263,344,14,46.56121
306,2010,Obama,D,44,0,193,53.43879,-0.5,67.7,0,227,0.4105263,337,14,46.56121
307,2010,Obama,D,44,0,193,53.43879,-0.5,67.7,0,227,0.4042553,330,14,46.56121
308,2010,Obama,D,44,0,193,53.43879,-0.5,67.7,0,227,0.4526316,351,14,46.56121
309,2010,Obama,D,44,0,193,53.43879,-0.5,67.7,0,227,0.4787234,358.5,14,46.56121
310,2010,Obama,D,44,0,193,53.43879,-0.5,67.7,0,227,0.4673913,333.5,14,46.56121
311,2010,Obama,D,44,0,193,53.43879,-0.5,67.7,0,227,0.5666667,348.5,14,46.56121
312,2010,Obama,D,44,0,193,53.43879,-0.5,67.7,0,227,0.4623656,347.5,14,46.56121
313,2010,Obama,D,44,0,193,53.43879,-0.5,67.7,0,227,0.4939759,401,14,46.56121
314,2010,Obama,D,44,0,193,53.43879,-0.5,67.7,0,227,0.4835165,357,14,46.56121
315,2010,Obama,D,44,0,193,53.43879,-0.5,67.7,0,227,0.5121951,340.5,14,46.56121
316,2010,Obama,D,44,0,193,53.43879,-0.5,67.7,0,227,0.475,398,14,46.56121
317,2010,Obama,D,44,0,193,53.43879,-0.5,67.7,0,227,0.5555556,314,14,46.56121
318,2010,Obama,D,44,0,193,53.43879,-0.5,67.7,0,227,0.4512195,335,14,46.56121
319,2010,Obama,D,44,0,193,53.43879,-0.5,67.7,0,227,0.5822785,338.5,14,46.56121
320,2010,Obama,D,44,0,193,53.43879,-0.5,67.7,0,227,0.4673913,355.5,14,46.56121
321,2010,Obama,D,44,0,193,53.43879,-0.5,67.7,0,227,0.4871795,314,14,46.56121
322,2010,Obama,D,44,0,193,53.43879,-0.5,67.7,0,227,0.4468085,360.5,14,46.56121
323,2010,Obama,D,44,0,193,53.43879,-0.5,67.7,0,227,0.4639175,338,14,46.56121
324,2010,Obama,D,44,0,193,53.43879,-0.5,67.7,0,227,0.4536082,324,14,46.56121
325,2010,Obama,D,44,0,193,53.43879,-0.5,67.7,0,227,0.5326087,377,14,46.56121
326,2010,Obama,D,44,0,193,53.43879,-0.5,67.7,0,227,0.516129,405,14,46.56121
327,2010,Obama,D,44,0,193,53.43879,-0.5,67.7,0,227,0.5666667,422.5,14,46.56121
328,2010,Obama,D,44,0,193,53.43879,-0.5,67.7,0,227,0.4444444,314.5,14,46.56121
329,2010,Obama,D,44,0,193,53.43879,-0.5,67.7,0,227,0.5108696,377,14,46.56121
330,2010,Obama,D,44,0,193,53.43879,-0.5,67.7,0,227,0.5227273,316,14,46.56121
331,2010,Obama,D,44,0,193,53.43879,-0.5,67.7,0,227,0.4252874,359,14,46.56121
332,2010,Obama,D,44,0,193,53.43879,-0.5,67.7,0,227,0.4482759,344,14,46.56121
333,2010,Obama,D,44,0,193,53.43879,-0.5,67.7,0,227,0.4634146,330.5,14,46.56121
334,2010,Obama,D,44,0,193,53.43879,-0.5,67.7,0,227,0.4651163,317,14,46.56121
335,2010,Obama,D,44,0,193,53.43879,-0.5,67.7,0,227,0.4210526,361.5,14,46.56121
336,2010,Obama,D,44,0,193,53.43879,-0.5,67.7,0,227,0.5,325,14,46.56121
337,2010,Obama,D,44,0,193,53.43879,-0.5,67.7,0,227,0.5054945,318,14,46.56121
338,2010,Obama,D,44,0,193,53.43879,-0.5,67.7,0,227,0.4782609,369.5,14,46.56121
339,2010,Obama,D,44,0,193,53.43879,-0.5,67.7,0,227,0.5274725,331.5,14,46.56121
340,2010,Obama,D,44,0,193,53.43879,-0.5,67.7,0,227,0.4666667,360.5,14,46.56121
341,2010,Obama,D,44,0,193,53.43879,-0.5,67.7,0,227,0.4444444,347.5,14,46.56121
342,2010,Obama,D,44,0,193,53.43879,-0.5,67.7,0,227,0.5280899,365.5,14,46.56121
343,2010,Obama,D,44,0,193,53.43879,-0.5,67.7,0,227,0.4301075,330,14,46.56121
344,2010,Obama,D,44,0,193,53.43879,-0.5,67.7,0,227,0.4270833,351,14,46.56121
345,2010,Obama,D,44,0,193,53.43879,-0.5,67.7,0,227,0.4698795,317,14,46.56121
346,2010,Obama,D,44,0,193,53.43879,-0.5,67.7,0,227,0.505618,313.5,14,46.56121
347,2010,Obama,D,44,0,193,53.43879,-0.5,67.7,0,227,0.5116279,398.5,14,46.56121
348,2010,Obama,D,44,0,193,53.43879,-0.5,67.7,0,227,0.5054945,362.5,14,46.56121
349,2010,Obama,D,44,0,193,53.43879,-0.5,67.7,0,227,0.4673913,355.5,14,46.56121
350,2010,Obama,D,44,0,193,53.43879,-0.5,67.7,0,227,0.4891304,317,14,46.56121
351,2010,Obama,D,44,0,193,53.43879,-0.5,67.7,0,227,0.516129,352.5,14,46.56121
352,2010,Obama,D,44,0,193,53.43879,-0.5,67.7,0,227,0.5054945,319.5,14,46.56121
353,2010,Obama,D,44,0,193,53.43879,-0.5,67.7,0,227,0.4719101,322.5,14,46.56121
354,2010,Obama,D,44,0,193,53.43879,-0.5,67.7,0,227,0.5454545,349.5,14,46.56121
355,2010,Obama,D,44,0,193,53.43879,-0.5,67.7,0,227,0.4680851,361.5,14,46.56121
356,2010,Obama,D,44,0,193,53.43879,-0.5,67.7,0,227,0.4719101,350.5,14,46.56121
357,2010,Obama,D,44,0,193,53.43879,-0.5,67.7,0,227,0.547619,377,14,46.56121
358,2010,Obama,D,44,0,193,53.43879,-0.5,67.7,0,227,0.4782609,341,14,46.56121
359,2014,Obama,D,42,0,188,46.97346,2.3,89.9,1,182,0.5058824,354.5,15,53.02654
360,2014,Obama,D,42,0,188,46.97346,2.3,89.9,1,182,0.5,361,15,53.02654
361,2014,Obama,D,42,0,188,46.97346,2.3,89.9,1,182,0.4565217,355,15,53.02654
362,2014,Obama,D,42,0,188,46.97346,2.3,89.9,1,182,0.56,333.5,15,53.02654
363,2014,Obama,D,42,0,188,46.97346,2.3,89.9,1,182,0.4947368,340,15,53.02654
364,2014,Obama,D,42,0,188,46.97346,2.3,89.9,1,182,0.4623656,340.5,15,53.02654
365,2014,Obama,D,42,0,188,46.97346,2.3,89.9,1,182,0.505618,356,15,53.02654
366,2014,Obama,D,42,0,188,46.97346,2.3,89.9,1,182,0.4615385,313.5,15,53.02654
367,2014,Obama,D,42,0,188,46.97346,2.3,89.9,1,182,0.5108696,326.5,15,53.02654
368,2014,Obama,D,42,0,188,46.97346,2.3,89.9,1,182,0.505618,326.5,15,53.02654
369,2014,Obama,D,42,0,188,46.97346,2.3,89.9,1,182,0.4597701,329,15,53.02654
370,2014,Obama,D,42,0,188,46.97346,2.3,89.9,1,182,0.4673913,334.5,15,53.02654
371,2014,Obama,D,42,0,188,46.97346,2.3,89.9,1,182,0.5053763,347.5,15,53.02654
372,2014,Obama,D,42,0,188,46.97346,2.3,89.9,1,182,0.4444444,348,15,53.02654
373,2014,Obama,D,42,0,188,46.97346,2.3,89.9,1,182,0.5,348.5,15,53.02654
374,2014,Obama,D,42,0,188,46.97346,2.3,89.9,1,182,0.4827586,343,15,53.02654
375,2014,Obama,D,42,0,188,46.97346,2.3,89.9,1,182,0.4680851,354.5,15,53.02654
376,2014,Obama,D,42,0,188,46.97346,2.3,89.9,1,182,0.5053763,355,15,53.02654
377,2018,Trump,R,43,1,199,45.55342,-1.5,98.6,0,198,0.5425532,314,16,54.44658
378,2018,Trump,R,43,1,199,45.55342,-1.5,98.6,0,198,0.5232558,314,16,54.44658
379,2018,Trump,R,43,1,199,45.55342,-1.5,98.6,0,198,0.5384615,314,16,54.44658
380,2018,Trump,R,43,1,199,45.55342,-1.5,98.6,0,198,0.4606742,320,16,54.44658
381,2018,Trump,R,43,1,199,45.55342,-1.5,98.6,0,198,0.5393258,317,16,54.44658
382,2018,Trump,R,43,1,199,45.55342,-1.5,98.6,0,198,0.5531915,316,16,54.44658
383,2018,Trump,R,43,1,199,45.55342,-1.5,98.6,0,198,0.5483871,315,16,54.44658
384,2018,Trump,R,43,1,199,45.55342,-1.5,98.6,0,198,0.5168539,314,16,54.44658
385,2018,Trump,R,43,1,199,45.55342,-1.5,98.6,0,198,0.5376344,360,16,54.44658
386,2018,Trump,R,43,1,199,45.55342,-1.5,98.6,0,198,0.5670103,360,16,54.44658
387,2018,Trump,R,43,1,199,45.55342,-1.5,98.6,0,198,0.5416667,357,16,54.44658
388,2018,Trump,R,43,1,199,45.55342,-1.5,98.6,0,198,0.4945055,356,16,54.44658
389,2018,Trump,R,43,1,199,45.55342,-1.5,98.6,0,198,0.5494505,353,16,54.44658
390,2018,Trump,R,43,1,199,45.55342,-1.5,98.6,0,198,0.5280899,356,16,54.44658
391,2018,Trump,R,43,1,199,45.55342,-1.5,98.6,0,198,0.4526316,356,16,54.44658
392,2018,Trump,R,43,1,199,45.55342,-1.5,98.6,0,198,0.5529412,354,16,54.44658
393,2018,Trump,R,43,1,199,45.55342,-1.5,98.6,0,198,0.5384615,352,16,54.44658
394,2018,Trump,R,43,1,199,45.55342,-1.5,98.6,0,198,0.5164835,349,16,54.44658
395,2018,Trump,R,43,1,199,45.55342,-1.5,98.6,0,198,0.5340909,349,16,54.44658
396,2018,Trump,R,43,1,199,45.55342,-1.5,98.6,0,198,0.5555556,349,16,54.44658
397,2018,Trump,R,43,1,199,45.55342,-1.5,98.6,0,198,0.5384615,345,16,54.44658
398,2018,Trump,R,43,1,199,45.55342,-1.5,98.6,0,198,0.5425532,346,16,54.44658
399,2018,Trump,R,43,1,199,45.55342,-1.5,98.6,0,198,0.5164835,342,16,54.44658
400,2018,Trump,R,43,1,199,45.55342,-1.5,98.6,0,198,0.5494505,342,16,54.44658
401,2018,Trump,R,43,1,199,45.55342,-1.5,98.6,0,198,0.4712644,342,16,54.44658
402,2018,Trump,R,43,1,199,45.55342,-1.5,98.6,0,198,0.5384615,341,16,54.44658
403,2018,Trump,R,43,1,199,45.55342,-1.5,98.6,0,198,0.5604396,338,16,54.44658
404,2018,Trump,R,43,1,199,45.55342,-1.5,98.6,0,198,0.5578947,336,16,54.44658
405,2018,Trump,R,43,1,199,45.55342,-1.5,98.6,0,198,0.505618,335,16,54.44658
406,2018,Trump,R,43,1,199,45.55342,-1.5,98.6,0,198,0.5340909,335,16,54.44658
407,2018,Trump,R,43,1,199,45.55342,-1.5,98.6,0,198,0.5681818,331,16,54.44658
408,2018,Trump,R,43,1,199,45.55342,-1.5,98.6,0,198,0.5384615,332,16,54.44658
409,2018,Trump,R,43,1,199,45.55342,-1.5,98.6,0,198,0.5684211,332,16,54.44658
410,2018,Trump,R,43,1,199,45.55342,-1.5,98.6,0,198,0.5434783,329,16,54.44658
411,2018,Trump,R,43,1,199,45.55342,-1.5,98.6,0,198,0.5,328,16,54.44658
412,2018,Trump,R,43,1,199,45.55342,-1.5,98.6,0,198,0.5294118,328,16,54.44658
413,2018,Trump,R,43,1,199,45.55342,-1.5,98.6,0,198,0.5333333,329,16,54.44658
414,2018,Trump,R,43,1,199,45.55342,-1.5,98.6,0,198,0.5113636,325,16,54.44658
415,2018,Trump,R,43,1,199,45.55342,-1.5,98.6,0,198,0.5681818,324,16,54.44658
416,2018,Trump,R,43,1,199,45.55342,-1.5,98.6,0,198,0.5487805,327,16,54.44658
417,2018,Trump,R,43,1,199,45.55342,-1.5,98.6,0,198,0.5384615,325,16,54.44658
418,2018,Trump,R,43,1,199,45.55342,-1.5,98.6,0,198,0.5280899,321,16,54.44658
419,2018,Trump,R,43,1,199,45.55342,-1.5,98.6,0,198,0.5555556,324,16,54.44658
420,2018,Trump,R,43,1,199,45.55342,-1.5,98.6,0,198,0.547619,321,16,54.44658